Name,Description,BillingStreet,BillingCity,BillingState,BillingPostalCode,BillingCountry,Phone,id
"Baxter, Leblanc and Pennington",Total fresh-thinking support,784 Bernard Summit,Jaclynside,Nebraska,37205,United States,+1-285-905-0551x7817,1
"Bonilla, Tapia and Weeks",Object-based web-enabled array,790 White Mission,North Robert,Ohio,08513,United States,828-575-4576x4320,2
Rice-Barnes,Proactive dedicated support,14089 Louis Burg Apt. 928,Lloydbury,Texas,25978,United States,+1-424-632-4919,3
Wilkerson LLC,Customer-focused 6thgeneration application,78991 Horton Overpass Apt. 527,Lake Angie,Tennessee,21078,United States,811.783.1146x8586,4
"Stark, Costa and Mitchell",Pre-emptive upward-trending contingency,4378 Marcia Roads Apt. 963,West Charlotteland,North Dakota,06229,United States,805-998-6531x948,5
"Li, Hayes and Mercado",Organized bandwidth-monitored architecture,76219 Shawn Corner,Rothside,Rhode Island,03163,United States,(212)561-7862x342,6
Roth-Beck,Diverse 3rdgeneration open architecture,0010 Sexton Trafficway,Xavierview,Virginia,93555,United States,(788)367-3636x662,7
Ross LLC,Managed tertiary groupware,868 Michele Mission Apt. 804,Kathychester,Utah,35674,United States,+1-343-393-0909x6367,8
Delgado-Kirk,Diverse 3rdgeneration access,35898 Jones Lights Suite 801,Jayland,California,96547,United States,608-736-6285x70519,9
Green and Sons,Intuitive multimedia analyzer,7140 Hess Plaza Suite 171,West Josephfurt,Michigan,80195,United States,001-230-566-0345x178,10
